[
    {
        "facet": 1,
        "position": [
            2428,
            1267
        ],
        "name": "241 TRAM",
        "position_t2a": [
            7041,
            2755
        ]
    },
    {
        "facet": 1,
        "position": [
            1721,
            2218
        ],
        "name": "242 TRAM",
        "position_t2a": [
            6334,
            3706
        ]
    },
    {
        "facet": 1,
        "position": [
            2000,
            774
        ],
        "name": "243 TRAM",
        "position_t2a": [
            6613,
            2262
        ]
    }
]